,Agent_Age,Agent_Rating,Store_Latitude,Store_Longitude,Drop_Latitude,Drop_Longitude,Delivery_Time,Time_To_Pickup,Distance_km,Order_Hour,Order_DayOfWeek
count,43594.0,43594.0,43594.0,43594.0,43594.0,43594.0,43594.0,43594.0,43594.0,43594.0,43594.0
mean,29.55571867688214,4.635286966096252,17.24476850993256,70.76889789578841,17.46154005652154,70.83248898770472,124.91643345414506,-17.260402807725836,26.654419931561364,17.424737349176493,3.0000917557462037
std,5.760689023877957,0.3138265411494576,7.690005048124021,21.128772664283343,7.338198599278797,21.128940431716035,51.941975466274016,196.0155023620086,298.15543365664286,4.818828017531011,1.969743375310888
min,20.0,2.5,-30.902872,0.0,0.01,0.01,10.0,-1435.0,1.4638371061422368,0.0,0.0
25%,25.0,4.5,12.933298,73.170283,12.98605425,73.28,90.0,5.0,4.654125267189119,15.0,1.0
50%,30.0,4.7,18.554382,75.898497,18.633934,76.002471,125.0,10.0,9.204105757164326,19.0,3.0
75%,35.0,4.9,22.732225,78.045359,22.785049,78.10230924999999,160.0,15.0,13.66085510505096,21.0,5.0
max,39.0,5.0,30.914057,88.433452,31.054057,88.563452,270.0,15.0,6852.617172302205,23.0,6.0
